userid,username,urlString
0,Joe Jacobi,https://reviewimagesbucket.s3-us-west-1.amazonaws.com/images.png
1,Clinton Yundt,https://reviewimagesbucket.s3-us-west-1.amazonaws.com/images.png
2,William Heaney DDS,https://reviewimagesbucket.s3-us-west-1.amazonaws.com/images.png
3,Kristy Glover,https://reviewimagesbucket.s3-us-west-1.amazonaws.com/images.png
4,Virginia Gerlach,https://reviewimagesbucket.s3-us-west-1.amazonaws.com/pexels-photo-2623968.jpeg
5,Enrique Zieme,https://reviewimagesbucket.s3-us-west-1.amazonaws.com/images.png
6,Tammy Ruecker,https://reviewimagesbucket.s3-us-west-1.amazonaws.com/images.png
7,Debbie O'Hara,https://reviewimagesbucket.s3-us-west-1.amazonaws.com/images.png
8,Marc Fahey,https://reviewimagesbucket.s3-us-west-1.amazonaws.com/images.png
9,Crystal Kuhlman,https://reviewimagesbucket.s3-us-west-1.amazonaws.com/images.png
